{
  "project_info": {
    "project_number": "930989761271",
    "firebase_url": "https://padelclubmanager-default-rtdb.europe-west1.firebasedatabase.app",
    "project_id": "padelclubmanager",
    "storage_bucket": "padelclubmanager.appspot.com"
  },
  "client": [
    {
      "client_info": {
        "mobilesdk_app_id": "1:930989761271:android:eaaba8ec614f70a070e9f2",
        "android_client_info": {
          "package_name": "com.example.padelclubmanager"
        }
      },
      "oauth_client": [],
      "api_key": [
        {
          "current_key": "AIzaSyD0E71YrL8xhyZbMYQBUARDEnEebCHxhBQ"
        }
      ],
      "services": {
        "appinvite_service": {
          "other_platform_oauth_client": []
        }
      }
    }
  ],
  "configuration_version": "1"
}